City_ID,City,Lat,Lng,Max Temp,Humidity,Cloudiness,Wind Speed,Country,Date,Current Description
0,El Alto,-4.2714,-81.2147,63.91,84,42,16.62,PE,2021-07-23 02:02:31,scattered clouds
1,Lompoc,34.6391,-120.4579,72.21,79,90,10.36,US,2021-07-23 02:06:37,overcast clouds
2,Plettenberg Bay,-34.0527,23.3716,48.54,83,100,3.94,ZA,2021-07-23 02:06:38,light rain
3,Narsaq,60.9167,-46.05,46.62,95,100,5.84,GL,2021-07-23 02:06:38,overcast clouds
4,New Norfolk,-42.7826,147.0587,57.88,40,30,6.93,AU,2021-07-23 02:06:38,scattered clouds
5,Kailua,21.4022,-157.7394,85.98,65,20,17.27,US,2021-07-23 02:06:39,few clouds
6,Bredasdorp,-34.5322,20.0403,45.57,79,100,3.31,ZA,2021-07-23 02:06:04,overcast clouds
7,Yuksekova,37.5736,44.2872,59.47,48,0,2.35,TR,2021-07-23 02:06:39,clear sky
8,Lafiagi,8.8667,5.4167,74.75,85,100,3.96,NG,2021-07-23 02:06:40,overcast clouds
9,Presidente Olegario,-18.4178,-46.4181,55.18,54,77,4.36,BR,2021-07-23 02:06:40,broken clouds
10,Bethel,41.3712,-73.414,71.96,82,1,4.61,US,2021-07-23 02:06:41,clear sky
11,Saint-Philippe,-21.3585,55.7679,65.79,78,45,12.41,RE,2021-07-23 02:06:41,scattered clouds
12,Mount Isa,-20.7333,139.5,78.57,21,10,10.36,AU,2021-07-23 02:06:42,clear sky
13,Fort Walton Beach,30.4058,-86.6188,84.99,82,1,11.01,US,2021-07-23 02:06:42,clear sky
14,Severo-Kurilsk,50.6789,156.125,56.61,86,55,5.35,RU,2021-07-23 02:06:42,broken clouds
15,Port Alfred,-33.5906,26.891,52.07,69,89,20.87,ZA,2021-07-23 02:06:43,light rain
16,Rikitea,-23.1203,-134.9692,73.76,73,1,19.73,PF,2021-07-23 02:06:43,light rain
17,Katangli,51.7102,143.2326,74.7,77,91,1.77,RU,2021-07-23 02:06:44,overcast clouds
18,Khatanga,71.9667,102.5,66.88,55,100,6.82,RU,2021-07-23 02:06:44,overcast clouds
19,Ponta Do Sol,32.6667,-17.1,74.03,82,11,7.85,PT,2021-07-23 02:06:44,few clouds
20,Tasiilaq,65.6145,-37.6368,42.96,97,100,2.53,GL,2021-07-23 02:06:45,overcast clouds
21,Saskylakh,71.9167,114.0833,67.37,63,57,9.22,RU,2021-07-23 02:06:45,broken clouds
22,Lebu,-37.6167,-73.65,50.43,84,100,7.14,CL,2021-07-23 02:06:46,overcast clouds
23,Kavieng,-2.5744,150.7967,84.22,71,43,11.7,PG,2021-07-23 02:06:22,light rain
24,Punta Arenas,-53.15,-70.9167,35.71,87,20,13.8,CL,2021-07-23 02:06:46,few clouds
25,Albany,42.6001,-73.9662,68.92,67,100,5.01,US,2021-07-23 02:05:30,overcast clouds
26,Dikson,73.5069,80.5464,38.35,95,99,18.21,RU,2021-07-23 02:06:47,overcast clouds
27,Ponta Delgada,37.7333,-25.6667,68.72,77,75,3.44,PT,2021-07-23 02:06:47,broken clouds
28,Valparaiso,-33.0393,-71.6273,53.47,83,90,5.75,CL,2021-07-23 02:05:57,haze
29,Kodiak,57.79,-152.4072,52.25,98,100,15.79,US,2021-07-23 02:06:48,moderate rain
30,Vardo,70.3705,31.1107,45.27,79,100,30.4,NO,2021-07-23 02:06:48,overcast clouds
31,Saint-Denis,48.9167,2.3333,69.15,74,0,3.44,FR,2021-07-23 02:06:49,clear sky
32,Namwala,-15.7504,26.4384,52.93,32,8,0.72,ZM,2021-07-23 02:06:49,clear sky
33,Ushuaia,-54.8,-68.3,38.86,70,40,3.44,AR,2021-07-23 02:06:50,scattered clouds
34,Arraial Do Cabo,-22.9661,-42.0278,68.4,75,17,10.33,BR,2021-07-23 02:06:50,few clouds
35,Castro,-24.7911,-50.0119,47.19,63,0,3.47,BR,2021-07-23 02:06:51,clear sky
36,Hermanus,-34.4187,19.2345,42.91,73,69,9.95,ZA,2021-07-23 02:06:51,broken clouds
37,Soyo,-6.1349,12.3689,70.23,85,34,4.99,AO,2021-07-23 02:06:52,scattered clouds
38,Varadero,23.1536,-81.2514,79.56,81,16,11.32,CU,2021-07-23 02:06:52,few clouds
39,Sao Joao Da Barra,-21.6403,-41.0511,66.67,76,0,3.6,BR,2021-07-23 02:06:52,clear sky
40,Te Anau,-45.4167,167.7167,49.96,72,10,3.2,NZ,2021-07-23 02:06:53,clear sky
41,Tagusao,9.1924,117.8141,86.43,67,100,18.86,PH,2021-07-23 02:06:53,overcast clouds
42,Kununurra,-15.7667,128.7333,84.18,32,100,4.61,AU,2021-07-23 02:03:32,overcast clouds
43,Sabang,5.8933,95.3214,83.43,76,100,23.17,ID,2021-07-23 02:06:54,overcast clouds
44,Bluff,-46.6,168.3333,51.8,64,84,10.56,NZ,2021-07-23 02:06:54,broken clouds
45,Mahebourg,-20.4081,57.7,69.26,71,22,14.0,MU,2021-07-23 02:06:55,few clouds
46,Cabo San Lucas,22.8909,-109.9124,93.51,53,1,7.0,MX,2021-07-23 02:06:55,clear sky
47,Mar Del Plata,-38.0023,-57.5575,55.99,78,100,12.01,AR,2021-07-23 02:06:55,overcast clouds
48,Cape Town,-33.9258,18.4232,45.1,81,0,4.0,ZA,2021-07-23 02:05:37,clear sky
49,Alenquer,-1.9417,-54.7383,80.94,76,37,3.87,BR,2021-07-23 02:06:56,scattered clouds
50,Wewak,-3.5534,143.6268,83.59,74,31,8.52,PG,2021-07-23 02:06:56,scattered clouds
51,Sechura,-5.5569,-80.8222,65.71,77,62,13.76,PE,2021-07-23 02:06:57,broken clouds
52,Bilma,18.6853,12.9164,83.16,54,100,13.04,NE,2021-07-23 02:06:57,overcast clouds
53,Lorengau,-2.0226,147.2712,85.05,70,65,7.31,PG,2021-07-23 02:06:58,broken clouds
54,Lumeje,-11.55,20.7833,55.45,24,26,8.05,AO,2021-07-23 02:06:58,scattered clouds
55,Kautokeino,69.0125,23.0412,43.65,86,100,13.49,NO,2021-07-23 02:06:59,overcast clouds
56,Havre-Saint-Pierre,50.2334,-63.5986,56.28,91,100,6.29,CA,2021-07-23 02:06:59,overcast clouds
57,Mezen,65.8522,44.24,45.99,94,100,4.56,RU,2021-07-23 02:06:59,overcast clouds
58,The Valley,18.217,-63.0578,82.26,82,0,20.0,AI,2021-07-23 02:07:00,clear sky
59,Hilo,19.7297,-155.09,77.25,90,90,11.5,US,2021-07-23 02:07:00,light rain
60,Calbiga,11.6247,125.0164,87.08,62,100,13.2,PH,2021-07-23 02:07:01,light rain
61,Busselton,-33.65,115.3333,55.09,78,96,22.12,AU,2021-07-23 02:05:03,overcast clouds
62,Atuona,-9.8,-139.0333,77.4,74,94,10.89,PF,2021-07-23 02:07:01,overcast clouds
63,Caravelas,-17.7125,-39.2481,70.18,67,72,7.43,BR,2021-07-23 02:07:02,broken clouds
64,Dali,25.7,100.1833,70.07,75,50,2.19,CN,2021-07-23 02:07:02,scattered clouds
65,Masallatah,32.6167,14.0,71.24,74,0,1.19,LY,2021-07-23 02:07:02,clear sky
66,Locharbriggs,55.1034,-3.5844,67.75,95,86,4.23,GB,2021-07-23 02:07:03,overcast clouds
67,Nikolskoye,59.7035,30.7861,60.8,81,95,5.44,RU,2021-07-23 02:07:03,overcast clouds
68,Georgetown,5.4112,100.3354,85.89,74,20,6.91,MY,2021-07-23 02:06:59,few clouds
69,Maldonado,-34.6667,-54.9167,54.23,74,63,7.85,UY,2021-07-23 02:07:04,broken clouds
70,Ulaanbaatar,47.9077,106.8832,68.13,60,0,2.24,MN,2021-07-23 02:07:05,clear sky
71,Tiksi,71.6872,128.8694,46.54,77,100,9.73,RU,2021-07-23 02:07:05,overcast clouds
72,Port Elizabeth,-33.918,25.5701,46.09,69,77,13.22,ZA,2021-07-23 02:07:05,broken clouds
73,Lancaster,40.2504,-76.2499,69.66,80,0,2.59,US,2021-07-23 02:07:06,clear sky
74,Mitzic,0.7821,11.549,66.81,97,99,3.24,GA,2021-07-23 02:07:07,overcast clouds
75,Provideniya,64.3833,-173.3,46.51,76,75,13.42,RU,2021-07-23 02:07:07,broken clouds
76,Isangel,-19.55,169.2667,80.71,78,75,0.0,VU,2021-07-23 02:07:08,broken clouds
77,Kibondo,-3.5864,30.7203,59.27,51,30,1.99,TZ,2021-07-23 02:07:08,scattered clouds
78,Saint George,37.1041,-113.5841,82.38,64,75,5.99,US,2021-07-23 02:04:29,broken clouds
79,Qaanaaq,77.484,-69.3632,42.37,73,5,4.54,GL,2021-07-23 02:07:09,clear sky
80,Puerto Ayora,-0.7393,-90.3518,72.55,87,100,7.0,EC,2021-07-23 02:07:09,overcast clouds
81,Jamestown,42.097,-79.2353,64.04,59,20,3.44,US,2021-07-23 02:05:02,few clouds
82,Barrow,71.2906,-156.7887,39.22,81,90,17.27,US,2021-07-23 02:06:10,overcast clouds
83,Gigmoto,13.7796,124.39,85.14,75,100,18.41,PH,2021-07-23 02:07:10,overcast clouds
84,Ahipara,-35.1667,173.1667,58.87,62,1,8.77,NZ,2021-07-23 02:07:11,clear sky
85,Kapaa,22.0752,-159.319,84.18,82,90,3.0,US,2021-07-23 02:07:11,moderate rain
86,Trelew,-43.249,-65.3051,53.04,46,100,8.12,AR,2021-07-23 02:07:11,overcast clouds
87,Constitucion,-35.3333,-72.4167,53.15,84,100,7.11,CL,2021-07-23 02:06:46,overcast clouds
88,Caconda,-13.7333,15.0667,48.88,27,52,5.39,AO,2021-07-23 02:07:12,broken clouds
89,East London,-33.0153,27.9116,52.41,70,96,20.13,ZA,2021-07-23 02:07:12,light rain
90,Klaksvik,62.2266,-6.589,47.32,93,92,10.42,FO,2021-07-23 02:07:13,overcast clouds
91,Havre,49.5833,0.3333,63.0,82,0,9.22,FR,2021-07-23 02:07:13,clear sky
92,Kenai,60.5544,-151.2583,68.05,60,90,10.36,US,2021-07-23 02:07:14,overcast clouds
93,Thompson,55.7435,-97.8558,80.28,46,0,10.36,CA,2021-07-23 02:07:14,clear sky
94,Pevek,69.7008,170.3133,43.07,68,5,7.14,RU,2021-07-23 02:07:15,clear sky
95,Calama,-22.4667,-68.9333,46.89,11,0,16.11,CL,2021-07-23 02:06:08,clear sky
96,Novomichurinsk,54.0384,39.7479,52.61,65,4,6.4,RU,2021-07-23 02:07:15,clear sky
97,Coroico,-16.1889,-67.7271,61.54,87,49,3.15,BO,2021-07-23 02:07:16,scattered clouds
98,Lityn,49.3251,28.0809,53.71,85,0,6.06,UA,2021-07-23 02:07:16,clear sky
99,Mecca,21.4267,39.8261,84.6,52,99,4.85,SA,2021-07-23 02:07:17,overcast clouds
100,Panzhihua,26.5851,101.7128,77.99,73,55,0.94,CN,2021-07-23 02:07:17,broken clouds
101,Porto Novo,6.4965,2.6036,75.52,80,78,8.43,BJ,2021-07-23 02:07:18,broken clouds
102,Madawaska,47.3561,-68.3288,58.3,88,20,5.75,US,2021-07-23 02:07:18,few clouds
103,Mount Gambier,-37.8333,140.7667,48.11,81,90,13.8,AU,2021-07-23 02:07:18,overcast clouds
104,Lucea,18.451,-78.1736,81.86,84,95,6.69,JM,2021-07-23 02:07:19,overcast clouds
105,Victoria,22.2855,114.1577,90.25,80,64,8.99,HK,2021-07-23 02:05:52,broken clouds
106,Souillac,-20.5167,57.5167,69.37,74,39,12.71,MU,2021-07-23 02:07:20,scattered clouds
107,Daru,-9.0763,143.2092,80.01,69,95,14.03,PG,2021-07-23 02:07:20,overcast clouds
108,Abatskoye,56.2875,70.4555,73.62,57,0,13.27,RU,2021-07-23 02:07:20,clear sky
109,Zaysan,47.4667,84.8667,78.6,38,8,4.27,KZ,2021-07-23 02:07:21,clear sky
110,Carnarvon,-24.8667,113.6333,68.07,70,96,9.22,AU,2021-07-23 02:07:21,overcast clouds
111,Fuyu,45.1833,124.8167,90.09,42,44,15.35,CN,2021-07-23 02:07:22,scattered clouds
112,Tiznit,29.5833,-9.5,85.93,23,4,3.18,MA,2021-07-23 02:07:22,clear sky
113,Rabo De Peixe,37.8,-25.5833,67.51,77,75,3.44,PT,2021-07-23 02:07:22,broken clouds
114,Amarante Do Maranhao,-5.5667,-46.7422,72.37,47,6,3.44,BR,2021-07-23 02:07:23,clear sky
115,Osa,57.2829,55.4567,55.85,94,2,3.24,RU,2021-07-23 02:07:23,clear sky
116,Bukachacha,52.9833,116.9167,66.85,92,99,2.55,RU,2021-07-23 02:07:24,light rain
117,Chekhov,55.1431,37.4711,57.09,82,20,5.44,RU,2021-07-23 02:07:24,few clouds
118,Nabire,-3.3667,135.4833,76.15,91,100,3.0,ID,2021-07-23 02:07:25,overcast clouds
119,Talnakh,69.4865,88.3972,58.24,65,100,4.81,RU,2021-07-23 02:07:25,overcast clouds
120,Monrovia,6.3005,-10.7969,76.82,81,100,11.7,LR,2021-07-23 02:07:26,overcast clouds
121,Coquimbo,-29.9533,-71.3436,51.53,87,90,3.44,CL,2021-07-23 02:07:07,overcast clouds
122,Salo,45.6086,10.531,73.4,85,6,5.53,IT,2021-07-23 02:07:26,clear sky
123,Lagoa,39.05,-27.9833,67.66,78,29,11.34,PT,2021-07-23 02:07:27,scattered clouds
124,Montrose,38.4166,-108.2673,76.41,76,100,4.0,US,2021-07-23 02:07:27,overcast clouds
125,Fortuna,40.5982,-124.1573,82.47,71,1,3.0,US,2021-07-23 02:07:27,clear sky
126,Russell,32.3502,-85.1999,80.2,88,1,5.75,US,2021-07-23 02:07:28,light rain
127,Grand Baie,-20.0182,57.5802,69.46,74,25,7.0,MU,2021-07-23 02:02:29,scattered clouds
128,Mataura,-46.1927,168.8643,51.48,71,41,3.11,NZ,2021-07-23 02:07:29,scattered clouds
129,Yellowknife,62.456,-114.3525,61.32,100,90,6.91,CA,2021-07-23 02:07:29,light intensity shower rain
130,Beatrice,40.2681,-96.747,82.85,61,1,8.05,US,2021-07-23 02:07:29,clear sky
131,Ancud,-41.8697,-73.8203,46.22,83,100,7.11,CL,2021-07-23 02:07:30,overcast clouds
132,Bayeux,-7.125,-34.9322,72.23,100,90,9.22,BR,2021-07-23 02:07:30,overcast clouds
133,Kaitangata,-46.2817,169.8464,52.93,52,14,4.7,NZ,2021-07-23 02:07:31,few clouds
134,Butaritari,3.0707,172.7902,83.08,77,100,15.79,KI,2021-07-23 02:07:31,light rain
135,Fairbanks,64.8378,-147.7164,82.4,39,1,11.5,US,2021-07-23 02:07:32,shower rain
136,Mae Hong Son,19.3003,97.9685,76.66,97,100,2.13,TH,2021-07-23 02:07:32,overcast clouds
137,Saulkrasti,57.2622,24.4147,61.79,86,21,14.0,LV,2021-07-23 02:07:32,few clouds
138,Nemuro,43.3236,145.575,65.91,89,56,13.33,JP,2021-07-23 02:07:33,broken clouds
139,Ayagoz,47.9714,80.4392,75.16,46,51,6.46,KZ,2021-07-23 02:07:33,broken clouds
140,Novouzensk,50.4592,48.1431,66.36,68,100,13.31,RU,2021-07-23 02:07:34,overcast clouds
141,Kirkwall,58.9848,-2.9587,53.94,93,90,2.3,GB,2021-07-23 02:07:34,overcast clouds
142,Sovetskiy,61.3614,63.5842,60.04,98,100,2.68,RU,2021-07-23 02:07:35,light rain
143,Poum,-20.2333,164.0167,71.64,73,1,3.06,NC,2021-07-23 02:07:35,clear sky
144,Gbarnga,6.9956,-9.4722,69.84,99,95,2.51,LR,2021-07-23 02:07:35,overcast clouds
145,Ribeira Grande,38.5167,-28.7,68.38,78,9,7.25,PT,2021-07-23 02:07:36,clear sky
146,Egvekinot,66.3167,-179.1667,46.31,70,65,4.07,RU,2021-07-23 02:07:36,broken clouds
147,Bambous Virieux,-20.3428,57.7575,69.22,70,18,13.8,MU,2021-07-23 02:07:37,few clouds
148,Balkanabat,39.5108,54.3671,90.61,15,12,6.46,TM,2021-07-23 02:07:37,few clouds
149,Comodoro Rivadavia,-45.8667,-67.5,49.6,42,99,28.16,AR,2021-07-23 02:04:43,overcast clouds
150,Vaini,-21.2,-175.2,80.76,78,20,6.91,TO,2021-07-23 02:07:38,few clouds
151,Maple Creek,49.9168,-109.4848,84.94,7,0,16.55,CA,2021-07-23 02:04:28,clear sky
152,Luderitz,-26.6481,15.1594,55.51,35,10,6.62,NA,2021-07-23 02:07:39,clear sky
153,Cherskiy,68.75,161.3,63.48,64,100,4.45,RU,2021-07-23 02:07:39,overcast clouds
154,Shimoda,34.6667,138.95,83.14,71,32,6.55,JP,2021-07-23 02:07:40,scattered clouds
155,Kanigoro,-8.13,112.219,82.51,63,8,6.4,ID,2021-07-23 02:07:40,clear sky
156,Kruisfontein,-34.0033,24.7314,43.88,77,100,6.76,ZA,2021-07-23 02:07:41,overcast clouds
157,Qinzhou,21.95,108.6167,83.95,76,91,5.06,CN,2021-07-23 02:07:41,light rain
158,Atambua,-9.1061,124.8925,82.35,38,16,0.85,ID,2021-07-23 02:07:41,few clouds
159,Kathu,7.9178,98.3332,86.7,81,100,15.7,TH,2021-07-23 02:07:42,overcast clouds
160,Ngunguru,-35.6167,174.5,55.6,80,39,4.36,NZ,2021-07-23 02:07:42,scattered clouds
161,Orsha,54.5153,30.4053,53.87,82,2,7.63,BY,2021-07-23 02:07:43,clear sky
162,Floro,61.5996,5.0328,53.56,94,3,3.44,NO,2021-07-23 02:07:43,clear sky
163,Monterey,36.2505,-121.2516,72.84,32,83,11.77,US,2021-07-23 02:07:44,broken clouds
164,Korgen,66.0771,13.8153,50.31,94,99,4.21,NO,2021-07-23 02:07:44,overcast clouds
165,Labytnangi,66.6572,66.4183,52.5,55,95,4.9,RU,2021-07-23 02:07:45,overcast clouds
166,Dakar,14.6937,-17.4441,77.88,79,13,16.44,SN,2021-07-23 02:06:13,few clouds
167,Sogne,58.0833,7.8167,59.7,1,0,3.0,NO,2021-07-23 02:07:45,clear sky
168,Lima,-12.0432,-77.0282,61.9,84,90,9.22,PE,2021-07-23 02:07:46,overcast clouds
169,Parrita,9.5201,-84.3225,83.26,94,100,3.47,CR,2021-07-23 02:07:46,light rain
170,Aklavik,68.2191,-135.0107,61.86,54,45,18.61,CA,2021-07-23 02:07:47,scattered clouds
171,Riyadh,24.6877,46.7219,93.11,34,87,16.96,SA,2021-07-23 02:03:06,overcast clouds
172,Tuktoyaktuk,69.4541,-133.0374,46.0,83,46,19.13,CA,2021-07-23 02:07:47,scattered clouds
173,Aban,56.67,96.06,68.09,59,23,2.68,RU,2021-07-23 02:07:48,few clouds
174,Pangkalanbuun,-2.6833,111.6167,84.54,67,94,3.6,ID,2021-07-23 02:07:48,light rain
175,Salinas,36.6777,-121.6555,79.23,75,90,13.8,US,2021-07-23 02:07:48,overcast clouds
176,Geraldton,-28.7667,114.6,59.41,94,90,13.8,AU,2021-07-23 02:07:49,overcast clouds
177,Tautira,-17.7333,-149.15,84.22,68,2,11.14,PF,2021-07-23 02:07:49,clear sky
178,Somerset,40.5668,-74.5496,77.05,76,1,1.01,US,2021-07-23 02:07:50,clear sky
179,Susanville,40.4163,-120.653,58.12,20,0,1.99,US,2021-07-23 02:07:50,clear sky
180,Miandrivazo,-19.5167,45.4667,67.03,76,51,3.22,MG,2021-07-23 02:07:51,broken clouds
181,Neveklov,49.7537,14.5329,60.93,76,0,1.9,CZ,2021-07-23 02:07:51,clear sky
182,Ocos,14.5094,-92.1933,83.32,81,72,6.85,GT,2021-07-23 02:07:51,broken clouds
183,La Asuncion,11.0333,-63.8628,78.6,88,100,12.48,VE,2021-07-23 02:07:52,overcast clouds
184,Ballina,-28.8667,153.5667,62.78,65,99,12.06,AU,2021-07-23 02:07:52,light rain
185,Vila Velha,-20.3297,-40.2925,64.35,94,20,2.3,BR,2021-07-23 02:07:53,few clouds
186,Cockburn Town,21.4612,-71.1419,81.88,84,66,19.62,TC,2021-07-23 02:07:53,broken clouds
187,Ujjain,23.1833,75.7667,76.6,84,100,6.93,IN,2021-07-23 02:07:53,light rain
188,Macau,22.2006,113.5461,87.78,79,20,6.91,MO,2021-07-23 02:07:54,light rain
189,Bathsheba,13.2167,-59.5167,81.21,83,40,19.57,BB,2021-07-23 02:07:54,scattered clouds
190,Dilan,16.0879,120.5207,77.22,96,100,1.21,PH,2021-07-23 02:07:55,moderate rain
191,Fort Nelson,58.8053,-122.7002,58.24,89,100,9.53,CA,2021-07-23 02:07:55,light rain
192,Lavrentiya,65.5833,-171.0,43.45,81,100,2.33,RU,2021-07-23 02:07:56,overcast clouds
193,Sao Filipe,14.8961,-24.4956,74.12,86,11,7.65,CV,2021-07-23 02:07:56,few clouds
194,San Quintin,30.4833,-115.95,71.4,79,1,10.11,MX,2021-07-23 02:07:56,clear sky
195,Castanos,26.7833,-101.4167,82.35,67,27,4.38,MX,2021-07-23 02:07:57,scattered clouds
196,Krasnokamensk,50.0979,118.0369,73.58,73,89,8.86,RU,2021-07-23 02:07:57,overcast clouds
197,Pangnirtung,66.1451,-65.7125,46.4,87,75,10.36,CA,2021-07-23 02:07:58,broken clouds
198,Izhmorskiy,56.194,86.6414,67.33,69,0,10.09,RU,2021-07-23 02:07:58,clear sky
199,Hasaki,35.7333,140.8333,88.29,68,84,7.45,JP,2021-07-23 02:07:59,broken clouds
200,Ler,8.3018,30.1418,71.65,92,61,4.12,SS,2021-07-23 02:07:59,broken clouds
201,Faanui,-16.4833,-151.75,77.95,68,10,14.81,PF,2021-07-23 02:08:00,clear sky
202,Salym,60.0625,71.4789,71.82,76,15,9.89,RU,2021-07-23 02:08:00,few clouds
203,Humaita,-7.5061,-63.0208,79.66,46,64,2.28,BR,2021-07-23 02:08:00,broken clouds
204,Balakhta,55.38,91.6,68.2,68,4,11.16,RU,2021-07-23 02:08:01,clear sky
205,Siderno,38.2779,16.302,78.75,85,7,8.19,IT,2021-07-23 02:08:01,clear sky
206,Alofi,-19.0595,-169.9187,82.29,74,75,8.05,NU,2021-07-23 02:08:02,broken clouds
207,Saquena,-4.6667,-73.5167,73.15,73,29,2.19,PE,2021-07-23 02:08:02,scattered clouds
208,Haines Junction,60.7522,-137.5108,62.49,49,11,9.1,CA,2021-07-23 02:08:03,few clouds
209,Pirojpur,22.5667,89.9833,79.18,94,100,9.66,BD,2021-07-23 02:08:03,overcast clouds
210,Katiola,8.1333,-5.1,69.6,97,68,5.17,CI,2021-07-23 02:08:04,broken clouds
211,Padang,-0.9492,100.3543,84.25,69,46,1.88,ID,2021-07-23 02:07:49,scattered clouds
212,Mahon,39.8885,4.2658,75.76,83,0,5.75,ES,2021-07-23 02:08:04,clear sky
213,Airai,-8.9266,125.4092,74.14,24,10,2.89,TL,2021-07-23 02:08:05,clear sky
214,Rocha,-34.4833,-54.3333,49.23,78,85,7.63,UY,2021-07-23 02:08:05,overcast clouds
215,Hobart,-42.8794,147.3294,58.23,56,40,4.0,AU,2021-07-23 02:04:13,scattered clouds
216,Kamaishi,39.2667,141.8833,78.03,85,87,6.93,JP,2021-07-23 02:08:06,overcast clouds
217,Yokadouma,3.5167,15.05,69.48,97,100,2.44,CM,2021-07-23 02:08:06,overcast clouds
218,Los Llanos De Aridane,28.6585,-17.9182,69.55,84,0,20.71,ES,2021-07-23 02:08:07,clear sky
219,Cidreira,-30.1811,-50.2056,58.3,87,51,14.85,BR,2021-07-23 02:08:07,broken clouds
220,Touros,-5.1989,-35.4608,74.3,85,11,13.56,BR,2021-07-23 02:08:07,few clouds
221,Port Augusta,-32.5,137.7667,53.74,81,100,6.62,AU,2021-07-23 02:08:08,overcast clouds
222,Istok,42.7808,20.4875,60.15,77,5,4.21,XK,2021-07-23 02:08:08,clear sky
223,Lappeenranta,61.0587,28.1887,56.79,82,0,6.91,FI,2021-07-23 02:08:09,clear sky
224,Ewa Beach,21.3156,-158.0072,85.95,53,75,9.22,US,2021-07-23 02:08:09,broken clouds
225,Illapel,-31.6308,-71.1653,58.42,57,88,1.77,CL,2021-07-23 02:08:09,overcast clouds
226,Bonito,-21.1211,-56.4819,62.28,19,0,1.45,BR,2021-07-23 02:08:10,clear sky
227,Chokurdakh,70.6333,147.9167,54.72,46,1,8.59,RU,2021-07-23 02:08:10,clear sky
228,Yulara,-25.2406,130.9889,60.33,39,5,4.7,AU,2021-07-23 02:08:11,clear sky
229,Norman Wells,65.282,-126.8329,78.84,50,75,14.97,CA,2021-07-23 02:08:11,thunderstorm
230,Port Blair,11.6667,92.75,83.3,83,93,21.65,IN,2021-07-23 02:08:11,overcast clouds
231,Avarua,-21.2078,-159.775,80.65,74,75,14.97,CK,2021-07-23 02:08:12,broken clouds
232,Pafos,34.7667,32.4167,76.91,83,0,5.75,CY,2021-07-23 02:08:12,clear sky
233,Bac Lieu,9.285,105.7244,85.39,69,99,12.77,VN,2021-07-23 02:05:05,overcast clouds
234,Saint-Leu,-21.15,55.2833,65.26,64,2,2.55,RE,2021-07-23 02:08:13,clear sky
235,Gladstone,-23.85,151.25,73.78,56,75,10.36,AU,2021-07-23 02:08:13,broken clouds
236,Faya,18.3851,42.4509,57.72,85,100,6.44,SA,2021-07-23 02:08:14,overcast clouds
237,Baruun-Urt,46.6806,113.2792,73.36,55,21,11.18,MN,2021-07-23 02:08:14,few clouds
238,Wilmington,34.2257,-77.9447,81.86,88,1,0.0,US,2021-07-23 02:07:43,mist
239,Tonj,7.2737,28.6822,69.58,95,70,2.26,SS,2021-07-23 02:08:15,broken clouds
240,Komarikhinskiy,58.0979,57.1163,56.39,95,91,7.43,RU,2021-07-23 02:08:15,overcast clouds
241,Richards Bay,-28.783,32.0377,54.7,37,1,15.28,ZA,2021-07-23 02:08:16,clear sky
242,Kirensk,57.7853,108.1119,65.64,79,73,3.56,RU,2021-07-23 02:08:18,light rain
243,Kaffrine,14.1059,-15.5508,77.49,71,1,10.94,SN,2021-07-23 02:08:18,clear sky
244,Margate,51.3813,1.3862,61.7,88,1,1.01,GB,2021-07-23 02:08:18,clear sky
245,Esil,51.9556,66.4042,74.3,42,10,11.92,KZ,2021-07-23 02:08:19,clear sky
246,Izhma,65.0083,53.9113,51.57,58,98,3.49,RU,2021-07-23 02:08:19,overcast clouds
247,Clyde River,70.4692,-68.5914,35.83,100,90,8.05,CA,2021-07-23 02:08:20,mist
248,Erenhot,43.6475,111.9767,85.14,29,6,10.47,CN,2021-07-23 02:08:20,clear sky
249,Iqaluit,63.7506,-68.5145,51.53,81,90,15.99,CA,2021-07-23 02:08:21,light rain
250,Tabuk,17.4189,121.4443,86.0,68,100,3.67,PH,2021-07-23 02:08:21,overcast clouds
251,Mawlaik,23.6333,94.4167,76.6,99,100,1.88,MM,2021-07-23 02:08:21,moderate rain
252,Torbay,47.6666,-52.7314,52.57,98,100,1.01,CA,2021-07-23 02:08:22,light rain
253,Upernavik,72.7868,-56.1549,40.87,93,100,1.52,GL,2021-07-23 02:08:22,overcast clouds
254,Riohacha,11.5444,-72.9072,80.8,76,57,16.6,CO,2021-07-23 02:07:10,broken clouds
255,Westport,41.1415,-73.3579,76.75,76,90,1.01,US,2021-07-23 02:05:38,overcast clouds
256,Paamiut,61.994,-49.6678,42.01,93,100,2.64,GL,2021-07-23 02:08:23,overcast clouds
257,Kalakamati,-20.5929,27.3121,41.02,17,2,10.56,BW,2021-07-23 02:08:23,clear sky
258,Penzance,50.1186,-5.5371,67.21,75,100,19.95,GB,2021-07-23 02:08:24,overcast clouds
259,Bengkulu,-3.8004,102.2655,80.67,71,94,1.36,ID,2021-07-23 02:08:24,overcast clouds
260,Hirara,24.8,125.2833,78.66,100,75,46.04,JP,2021-07-23 02:08:25,shower rain
261,Pisco,-13.7,-76.2167,62.65,77,90,10.36,PE,2021-07-23 02:04:53,overcast clouds
262,Brae,60.3964,-1.353,51.71,78,100,6.71,GB,2021-07-23 02:08:25,overcast clouds
263,Narayangarh,30.4833,77.1333,82.81,68,89,1.83,IN,2021-07-23 02:08:26,overcast clouds
264,Xining,36.6167,101.7667,74.16,52,76,0.96,CN,2021-07-23 02:08:26,broken clouds
265,Goderich,43.7501,-81.7165,63.91,61,99,2.26,CA,2021-07-23 02:08:27,overcast clouds
266,Barreiras,-12.1528,-44.99,68.45,51,0,3.4,BR,2021-07-23 02:08:27,clear sky
267,Yerbogachen,61.2767,108.0108,71.6,58,25,3.31,RU,2021-07-23 02:08:28,scattered clouds
268,Leon,21.1167,-101.6667,68.05,73,59,8.19,MX,2021-07-23 02:08:28,broken clouds
269,Marsh Harbour,26.5412,-77.0636,82.67,75,100,7.2,BS,2021-07-23 02:08:28,overcast clouds
270,Viru,-8.4167,-78.75,63.7,75,38,1.3,PE,2021-07-23 02:08:29,scattered clouds
271,Dingle,10.9995,122.6711,84.34,74,100,20.51,PH,2021-07-23 02:08:29,light rain
272,Okhotsk,59.3833,143.3,58.6,88,100,4.68,RU,2021-07-23 02:08:30,overcast clouds
273,Maunabo,18.0072,-65.8993,82.71,94,20,12.24,PR,2021-07-23 02:08:30,few clouds
274,Plouzane,48.3833,-4.6167,71.69,77,0,8.05,FR,2021-07-23 02:05:38,clear sky
275,Upata,8.0086,-62.3989,74.19,96,100,2.84,VE,2021-07-23 02:08:31,overcast clouds
276,Ostrovnoy,68.0531,39.5131,41.45,92,100,21.14,RU,2021-07-23 02:08:31,overcast clouds
277,Saint-Joseph,-21.3667,55.6167,64.78,75,22,11.79,RE,2021-07-23 02:08:31,few clouds
278,Malinovskiy,61.1953,62.8397,56.43,98,100,9.48,RU,2021-07-23 02:08:32,light rain
279,Bereda,43.2686,-7.5406,61.57,100,100,1.16,ES,2021-07-23 02:08:32,overcast clouds
280,Vanimo,-2.6741,141.3028,81.82,84,94,4.03,PG,2021-07-23 02:08:33,overcast clouds
281,Banda Aceh,5.5577,95.3222,83.79,71,100,14.76,ID,2021-07-23 02:08:33,overcast clouds
282,Ola,59.5833,151.2833,53.51,89,100,3.78,RU,2021-07-23 02:08:34,overcast clouds
283,Amos,48.5669,-78.1162,55.18,93,59,0.67,CA,2021-07-23 02:08:34,broken clouds
284,Ambon,-3.6954,128.1814,80.74,89,40,4.61,ID,2021-07-23 02:08:34,scattered clouds
285,Timra,62.487,17.3257,55.08,58,90,14.97,SE,2021-07-23 02:08:35,overcast clouds
286,Eenhana,-17.4667,16.3333,50.72,29,0,9.64,NA,2021-07-23 02:08:35,clear sky
287,Kurayoshi,35.4333,133.8167,86.25,57,100,3.09,JP,2021-07-23 02:08:36,overcast clouds
288,Agaro,7.85,36.65,56.79,97,76,1.25,ET,2021-07-23 02:08:36,broken clouds
289,Muroto,33.2833,134.15,79.79,80,100,13.67,JP,2021-07-23 02:08:36,overcast clouds
290,Shache,38.4167,77.2406,75.06,48,2,4.52,CN,2021-07-23 02:08:37,clear sky
291,Nome,64.5011,-165.4064,51.17,71,1,18.41,US,2021-07-23 02:08:37,clear sky
292,Laguna,38.421,-121.4238,98.44,29,1,4.0,US,2021-07-23 02:08:38,clear sky
293,Mathbaria,22.2876,89.9593,79.84,92,100,3.76,BD,2021-07-23 02:08:38,moderate rain
294,Ankang,32.68,109.0172,81.28,82,100,4.61,CN,2021-07-23 02:08:39,overcast clouds
295,Chuy,-33.6971,-53.4616,49.95,78,95,6.08,UY,2021-07-23 02:06:31,overcast clouds
296,Povenets,62.8487,34.8262,50.11,90,95,8.9,RU,2021-07-23 02:08:39,overcast clouds
297,Fethiye,36.6217,29.1164,80.47,51,1,4.61,TR,2021-07-23 02:08:40,clear sky
298,Almeirim,-1.5233,-52.5817,78.19,77,100,3.42,BR,2021-07-23 02:08:40,overcast clouds
299,Mehamn,71.0357,27.8492,43.41,79,100,19.69,NO,2021-07-23 02:08:41,overcast clouds
300,Gejiu,23.306,103.1635,61.88,91,100,3.18,CN,2021-07-23 02:08:41,overcast clouds
301,Masunga,-20.6246,27.4488,40.19,17,2,9.35,BW,2021-07-23 02:08:41,clear sky
302,Labuan,5.2767,115.2417,87.96,78,96,8.84,MY,2021-07-23 02:08:42,overcast clouds
303,Longyearbyen,78.2186,15.6401,41.61,82,38,3.31,SJ,2021-07-23 02:08:42,scattered clouds
304,Sile,41.1754,29.6133,69.57,68,1,7.81,TR,2021-07-23 02:08:43,heavy intensity rain
305,Hamilton,39.1834,-84.5333,73.36,74,1,0.0,US,2021-07-23 02:08:43,clear sky
306,Mountain Home,43.133,-115.6912,88.81,13,0,14.99,US,2021-07-23 02:08:44,clear sky
307,Bikaner,28.0167,73.3,90.81,56,96,6.82,IN,2021-07-23 02:08:44,overcast clouds
308,Buala,-8.145,159.5921,84.9,70,23,6.73,SB,2021-07-23 02:08:44,few clouds
309,Fare,-16.7,-151.0167,77.58,65,10,12.88,PF,2021-07-23 02:08:45,clear sky
310,Kavaratti,10.5669,72.642,81.84,82,100,25.32,IN,2021-07-23 02:08:45,overcast clouds
311,Wamba,8.9333,8.6,70.7,96,100,2.44,NG,2021-07-23 02:08:46,overcast clouds
312,Poya,-21.35,165.15,77.67,58,1,5.12,NC,2021-07-23 02:08:46,clear sky
313,Spoleto,42.7448,12.7374,70.16,69,0,3.18,IT,2021-07-23 02:08:46,clear sky
314,Saint-Georges,12.0564,-61.7485,80.28,89,20,8.05,GD,2021-07-23 02:08:47,few clouds
315,Sorland,67.667,12.6934,49.78,75,100,11.61,NO,2021-07-23 02:08:47,overcast clouds
316,Darhan,49.4867,105.9228,72.48,64,92,4.18,MN,2021-07-23 02:08:48,overcast clouds
317,Aswan,24.0934,32.907,89.87,32,67,11.52,EG,2021-07-23 02:08:48,broken clouds
318,Vestmannaeyjar,63.4427,-20.2734,53.31,97,100,20.69,IS,2021-07-23 02:08:48,overcast clouds
319,Takoradi,4.8845,-1.7554,74.48,88,51,8.41,GH,2021-07-23 02:08:49,broken clouds
320,Frontera,26.9333,-101.45,84.33,67,42,0.4,MX,2021-07-23 02:08:50,scattered clouds
321,Puerto Madero,14.7208,-92.4215,75.4,100,40,3.44,MX,2021-07-23 02:08:50,scattered clouds
322,Farafangana,-22.8167,47.8333,64.33,90,21,6.89,MG,2021-07-23 02:08:51,few clouds
323,Srednekolymsk,67.45,153.6833,67.98,39,17,9.8,RU,2021-07-23 02:08:51,few clouds
324,Samarai,-10.6167,150.6667,79.75,80,78,11.77,PG,2021-07-23 02:08:52,broken clouds
325,Mhlume,-26.0333,31.85,46.87,68,1,3.27,SZ,2021-07-23 02:08:52,clear sky
326,Ryotsu,38.0833,138.4333,82.4,73,12,1.68,JP,2021-07-23 02:08:52,few clouds
327,La Ronge,55.1001,-105.2842,75.06,37,0,8.55,CA,2021-07-23 02:08:53,clear sky
328,Matcha,54.6335,42.3501,52.83,62,4,4.5,RU,2021-07-23 02:08:53,clear sky
329,Chardara,41.2547,67.9692,80.1,31,0,4.36,KZ,2021-07-23 02:08:54,clear sky
330,Katsuura,35.1333,140.3,87.91,68,17,6.53,JP,2021-07-23 02:08:54,few clouds
331,Nouadhibou,20.931,-17.0347,67.33,93,6,19.71,MR,2021-07-23 02:08:54,clear sky
332,Ajdabiya,30.7554,20.2263,75.83,75,0,10.63,LY,2021-07-23 02:08:55,clear sky
333,Saint-Augustin,51.226,-58.6502,48.52,92,100,14.32,CA,2021-07-23 02:08:55,overcast clouds
334,Stornoway,58.2093,-6.3865,54.93,100,90,2.3,GB,2021-07-23 02:08:56,fog
335,Pishin,30.5803,66.9961,76.28,45,0,4.12,PK,2021-07-23 02:08:56,clear sky
336,Salalah,17.0151,54.0924,78.89,94,90,9.22,OM,2021-07-23 02:08:57,overcast clouds
337,Ilulissat,69.2167,-51.1,44.62,81,100,3.44,GL,2021-07-23 02:08:57,overcast clouds
338,Gardez,33.5974,69.2259,65.52,52,2,2.98,AF,2021-07-23 02:08:57,clear sky
339,Abonnema,4.7084,6.7931,75.11,88,100,5.75,NG,2021-07-23 02:08:58,overcast clouds
340,Guerrero Negro,27.9769,-114.0611,72.81,75,100,14.63,MX,2021-07-23 02:08:58,overcast clouds
341,Mumford,5.2618,-0.759,75.42,86,100,9.42,GH,2021-07-23 02:08:59,overcast clouds
342,Jumla,29.2747,82.1838,64.35,94,100,0.63,NP,2021-07-23 02:08:59,overcast clouds
343,Saltillo,25.4167,-101.0,70.14,60,75,0.0,MX,2021-07-23 02:06:32,broken clouds
344,Svetlogorsk,52.6333,29.7333,52.81,89,13,5.55,BY,2021-07-23 02:09:00,few clouds
345,Sinnamary,5.3833,-52.95,78.6,87,53,8.63,GF,2021-07-23 02:09:00,broken clouds
346,Vao,-22.6667,167.4833,69.4,69,36,5.41,NC,2021-07-23 02:09:01,scattered clouds
347,Chibuto,-24.6867,33.5306,61.0,59,17,11.21,MZ,2021-07-23 02:09:01,few clouds
348,Cabedelo,-6.9811,-34.8339,72.27,84,75,11.99,BR,2021-07-23 02:09:01,broken clouds
349,Voyinka,45.8699,33.9914,68.29,66,52,13.44,UA,2021-07-23 02:09:02,broken clouds
350,Shitanjing,39.2342,106.3439,79.77,54,8,14.45,CN,2021-07-23 02:09:02,clear sky
351,Lensk,60.7253,114.9278,78.28,48,100,2.42,RU,2021-07-23 02:09:03,overcast clouds
352,Mandalgovi,45.7625,106.2708,70.05,36,93,7.94,MN,2021-07-23 02:09:03,overcast clouds
353,Tambura,5.6,27.4667,67.23,97,81,2.86,SS,2021-07-23 02:09:03,broken clouds
354,Leh,34.1667,77.5833,59.36,54,32,3.8,IN,2021-07-23 02:09:04,scattered clouds
355,Kupang,-10.1667,123.5833,84.78,51,20,5.75,ID,2021-07-23 02:09:04,few clouds
356,Clarence Town,-32.5833,151.7833,66.61,53,45,2.68,AU,2021-07-23 02:09:05,scattered clouds
357,Hithadhoo,-0.6,73.0833,81.21,76,100,13.22,MV,2021-07-23 02:09:05,overcast clouds
358,Eirunepe,-6.6603,-69.8736,72.95,65,10,2.75,BR,2021-07-23 02:07:08,clear sky
359,Tirupati,13.65,79.4167,85.23,62,75,5.75,IN,2021-07-23 02:09:06,broken clouds
360,Gat,31.61,34.7642,77.68,100,61,5.14,IL,2021-07-23 02:06:02,broken clouds
361,Deputatskiy,69.3,139.9,60.35,53,36,7.34,RU,2021-07-23 02:09:07,scattered clouds
362,Priekule,56.4468,21.5897,67.39,94,8,5.88,LV,2021-07-23 02:09:07,clear sky
363,Bayir,37.2687,28.2167,68.52,57,0,5.77,TR,2021-07-23 02:09:07,clear sky
364,Rawson,-43.3002,-65.1023,53.53,48,100,9.84,AR,2021-07-23 02:09:08,overcast clouds
365,Port Hedland,-20.3167,118.5667,78.85,38,8,8.05,AU,2021-07-23 02:09:08,clear sky
366,Inuvik,68.3499,-133.7218,64.92,51,39,17.72,CA,2021-07-23 02:09:09,scattered clouds
367,Sitka,57.0531,-135.33,62.49,55,90,14.97,US,2021-07-23 02:09:09,overcast clouds
368,Carballo,43.213,-8.691,63.82,92,86,3.27,ES,2021-07-23 02:09:10,overcast clouds
369,Bom Sucesso,-21.0331,-44.7581,51.93,85,0,5.37,BR,2021-07-23 02:09:10,clear sky
370,Kaeo,-35.1,173.7833,57.97,77,19,5.35,NZ,2021-07-23 02:09:10,few clouds
371,Hovd,48.0056,91.6419,78.58,25,100,5.97,MN,2021-07-23 02:09:11,overcast clouds
372,North Platte,41.1239,-100.7654,86.99,55,1,1.01,US,2021-07-23 02:09:11,clear sky
373,Koumac,-20.5667,164.2833,75.63,62,0,6.96,NC,2021-07-23 02:09:12,clear sky
374,Ransang,8.9603,117.5828,86.36,68,100,15.84,PH,2021-07-23 02:09:12,overcast clouds
375,Namibe,-15.1961,12.1522,64.92,82,0,6.08,AO,2021-07-23 02:09:13,clear sky
376,Acari,-15.4311,-74.6158,66.61,71,21,2.8,PE,2021-07-23 02:09:13,few clouds
377,Zabaykalsk,49.6333,117.3167,72.82,73,91,11.39,RU,2021-07-23 02:09:13,overcast clouds
378,Udachnyy,66.4167,112.4,71.28,37,34,11.27,RU,2021-07-23 02:09:14,scattered clouds
379,Ilebo,-4.3167,20.5833,68.47,40,44,1.16,CD,2021-07-23 02:09:14,scattered clouds
380,Umm Lajj,25.0213,37.2685,83.7,62,50,5.3,SA,2021-07-23 02:09:15,scattered clouds
381,Talcahuano,-36.7167,-73.1167,47.88,100,100,6.91,CL,2021-07-23 02:09:15,mist
382,Almunecar,36.7339,-3.6907,83.88,62,11,1.41,ES,2021-07-23 02:09:16,few clouds
383,Banjar,-8.19,114.9675,80.46,61,4,2.44,ID,2021-07-23 02:09:16,clear sky
384,Hof,50.3167,11.9167,59.05,77,0,3.0,DE,2021-07-23 02:09:16,clear sky
385,Haimen,23.1935,116.6142,87.89,69,3,4.29,CN,2021-07-23 02:09:17,clear sky
386,Adrar,20.5022,-10.0711,86.65,16,7,8.99,MR,2021-07-23 02:09:17,clear sky
387,Kahului,20.8947,-156.47,85.26,70,40,23.02,US,2021-07-23 02:09:18,scattered clouds
388,Neuquen,-38.9516,-68.0591,39.09,70,0,2.3,AR,2021-07-23 02:09:18,clear sky
389,Skibbereen,51.55,-9.2667,66.0,90,100,12.21,IE,2021-07-23 02:09:19,overcast clouds
390,Chumikan,54.7183,135.315,71.6,68,8,6.6,RU,2021-07-23 02:09:19,clear sky
391,Yura,-16.2522,-71.6797,55.92,19,0,6.91,PE,2021-07-23 02:09:20,clear sky
392,Gisborne,-38.6533,178.0042,53.94,72,36,9.6,NZ,2021-07-23 02:09:20,scattered clouds
393,Alyangula,-13.8483,136.4192,78.67,63,43,3.51,AU,2021-07-23 02:09:20,scattered clouds
394,Selenginsk,52.0064,106.8647,72.01,54,6,6.82,RU,2021-07-23 02:09:21,clear sky
395,Srikakulam,18.3,83.9,82.58,78,98,7.74,IN,2021-07-23 02:09:21,overcast clouds
396,Seoul,37.5683,126.9778,93.61,46,62,2.59,KR,2021-07-23 02:09:22,broken clouds
397,Dabakala,8.3667,-4.4333,70.39,97,43,5.77,CI,2021-07-23 02:09:22,scattered clouds
398,Honiara,-9.4333,159.95,84.07,75,63,6.53,SB,2021-07-23 02:09:22,broken clouds
399,Phanom Sarakham,13.7479,101.3553,84.09,87,100,10.04,TH,2021-07-23 02:09:23,overcast clouds
400,Dunedin,-45.8742,170.5036,54.81,53,9,8.01,NZ,2021-07-23 02:09:23,clear sky
401,Aykhal,66.0,111.5,68.61,38,67,7.38,RU,2021-07-23 02:09:24,broken clouds
402,Liuzhou,24.3126,109.3892,86.92,71,25,5.21,CN,2021-07-23 02:09:24,scattered clouds
403,Luba,3.4568,8.5547,76.48,86,100,9.4,GQ,2021-07-23 02:09:24,light rain
404,Broken Hill,-31.95,141.4333,48.87,78,85,15.21,AU,2021-07-23 02:09:25,overcast clouds
405,Gravdal,68.1214,13.5031,48.78,78,100,10.09,NO,2021-07-23 02:09:25,overcast clouds
406,Takaka,-40.85,172.8,56.97,87,94,3.06,NZ,2021-07-23 02:09:26,overcast clouds
407,Banikoara,11.2985,2.4386,74.86,79,93,6.49,BJ,2021-07-23 02:07:07,overcast clouds
408,Strelka,58.0728,93.0344,71.33,51,0,2.42,RU,2021-07-23 02:09:26,clear sky
409,Juneau,58.3019,-134.4197,60.85,88,90,1.01,US,2021-07-23 02:09:27,overcast clouds
410,Mlonggo,-6.5333,110.7,84.09,60,65,2.24,ID,2021-07-23 01:59:27,broken clouds
411,Jaru,-10.4389,-62.4664,74.55,43,0,1.36,BR,2021-07-23 01:59:27,clear sky
412,Benito Juarez,19.385,-99.165,64.0,68,75,10.0,MX,2021-07-23 02:06:43,broken clouds
413,Alpena,45.0617,-83.4327,66.52,88,75,0.0,US,2021-07-23 02:09:28,broken clouds
414,Madimba,-10.4,40.3333,69.66,90,56,7.9,TZ,2021-07-23 01:59:29,broken clouds
415,Leningradskiy,69.3833,178.4167,39.65,81,100,11.01,RU,2021-07-23 01:59:29,overcast clouds
416,Aden,12.7794,45.0367,84.25,74,100,0.87,YE,2021-07-23 01:59:30,overcast clouds
417,Skaerbaek,55.1573,8.769,60.69,75,100,10.22,DK,2021-07-23 01:59:30,overcast clouds
418,Nanortalik,60.1432,-45.2371,43.77,93,99,6.51,GL,2021-07-23 01:59:31,overcast clouds
419,Sao Mateus,-18.7161,-39.8589,64.63,79,56,4.88,BR,2021-07-23 01:59:31,broken clouds
420,Chapais,49.7834,-74.8492,64.18,64,79,3.6,CA,2021-07-23 01:59:31,broken clouds
421,Gawler,-34.6,138.7333,54.91,88,67,6.96,AU,2021-07-23 01:59:32,broken clouds
422,Hauterive,46.0901,3.4459,63.36,86,7,2.37,FR,2021-07-23 01:59:32,clear sky
423,Hun,29.1268,15.9477,75.09,61,0,4.43,LY,2021-07-23 01:59:33,clear sky
424,Itaituba,-4.2761,-55.9836,78.98,68,94,2.55,BR,2021-07-23 01:59:33,overcast clouds
425,Najran,17.4924,44.1277,70.45,55,100,15.43,SA,2021-07-23 01:59:34,overcast clouds
426,Arlit,18.7369,7.3853,88.59,39,93,5.06,NE,2021-07-23 01:59:34,overcast clouds
427,Lasa,46.6166,10.7002,57.94,85,0,3.36,IT,2021-07-23 01:59:34,clear sky
428,Ilo,-17.6394,-71.3375,59.23,84,68,2.1,PE,2021-07-23 01:59:35,broken clouds
429,Vila Franca Do Campo,37.7167,-25.4333,68.41,83,17,4.79,PT,2021-07-23 01:59:35,few clouds
430,Ulaangom,49.9811,92.0667,80.8,30,100,5.39,MN,2021-07-23 01:59:36,overcast clouds
431,Yaan,7.3833,8.5667,70.9,91,100,4.97,NG,2021-07-23 01:59:36,overcast clouds
432,Trinidad,-14.8333,-64.9,71.24,48,0,2.48,BO,2021-07-23 01:59:37,clear sky
433,Erzin,36.9559,36.2,79.32,92,39,0.96,TR,2021-07-23 01:59:37,scattered clouds
434,Matagalpa,12.9256,-85.9175,73.02,71,100,11.95,NI,2021-07-23 01:59:37,overcast clouds
435,Samagaltay,50.6022,95.0047,79.41,32,100,4.81,RU,2021-07-23 01:59:38,overcast clouds
436,Praia,14.9215,-23.5087,77.54,73,75,6.91,CV,2021-07-23 01:59:38,broken clouds
437,Teguldet,57.3064,88.1667,71.26,51,3,6.44,RU,2021-07-23 01:59:39,clear sky
438,Malm,64.0721,11.2172,53.8,91,98,8.52,NO,2021-07-23 01:59:39,overcast clouds
439,Pavlovskiy,57.8424,54.8436,55.8,95,18,3.49,RU,2021-07-23 01:59:40,few clouds
440,Maamba,-17.3667,27.15,53.98,28,30,4.61,ZM,2021-07-23 01:59:40,scattered clouds
441,Husavik,66.0449,-17.3389,53.51,76,74,4.94,IS,2021-07-23 01:59:41,broken clouds
442,Cayenne,4.9333,-52.3333,79.09,86,20,2.3,GF,2021-07-23 01:59:41,few clouds
443,Port Stanley,-51.7,-57.85,40.78,94,100,12.15,FK,2021-07-23 01:59:42,overcast clouds
444,Flinders,-34.5833,150.8552,57.18,65,90,1.99,AU,2021-07-23 01:59:42,overcast clouds
445,Langsa,4.4683,97.9683,81.64,76,100,1.88,ID,2021-07-23 01:59:42,overcast clouds
446,Olafsvik,64.8945,-23.7142,52.16,97,100,11.5,IS,2021-07-23 01:59:43,overcast clouds
447,Hailun,47.45,126.9333,82.63,72,70,13.27,CN,2021-07-23 01:59:43,broken clouds
448,Aksarka,66.5606,67.7975,54.36,52,100,7.0,RU,2021-07-23 01:59:44,overcast clouds
449,Ferme-Neuve,46.7001,-75.4493,60.58,92,100,2.37,CA,2021-07-23 01:59:44,overcast clouds
450,Amapa,1.0,-52.0,71.47,99,100,2.39,BR,2021-07-23 01:59:44,moderate rain
451,Coahuayana,18.7333,-103.6833,80.82,85,98,0.36,MX,2021-07-23 01:59:45,overcast clouds
452,Beterou,9.1992,2.2586,70.99,96,100,4.47,BJ,2021-07-23 01:59:46,overcast clouds
453,Goedereede,51.8175,3.9806,60.8,82,1,9.91,NL,2021-07-23 01:59:17,clear sky
454,Ust-Maya,60.4167,134.5333,78.8,47,99,1.39,RU,2021-07-23 01:59:46,overcast clouds
455,Blackwater,-23.5833,148.8833,72.09,45,0,16.6,AU,2021-07-23 01:59:47,clear sky
456,Nhulunbuy,-12.2333,136.7667,86.61,51,20,6.91,AU,2021-07-23 01:59:47,few clouds
457,San Patricio,28.017,-97.5169,86.09,75,88,11.72,US,2021-07-23 01:59:47,overcast clouds
458,Shingu,33.7333,135.9833,85.19,77,100,7.49,JP,2021-07-23 01:59:48,overcast clouds
459,Grand Gaube,-20.0064,57.6608,69.39,74,16,7.0,MU,2021-07-23 01:59:48,light rain
460,San Jose,37.3394,-121.895,79.84,53,1,8.01,US,2021-07-23 01:57:53,clear sky
461,Young,-32.6833,-57.6333,53.22,89,41,7.43,UY,2021-07-23 01:59:49,scattered clouds
462,Toba,34.4833,136.85,92.28,72,93,5.84,JP,2021-07-23 01:59:49,overcast clouds
463,Inhambane,-23.865,35.3833,66.2,62,0,15.5,MZ,2021-07-23 01:57:05,clear sky
464,Pitkyaranta,61.5734,31.4792,51.37,88,66,8.05,RU,2021-07-23 01:59:50,broken clouds
465,Bara,10.3744,10.7288,72.63,93,100,8.55,NG,2021-07-23 01:59:50,light rain
466,Bambanglipuro,-7.95,110.2833,82.44,70,5,6.2,ID,2021-07-23 01:59:51,clear sky
467,Alta Floresta,-9.8756,-56.0861,72.43,38,0,3.85,BR,2021-07-23 01:59:51,clear sky
468,Kabalo,-6.05,26.9167,72.5,39,28,4.18,CD,2021-07-23 01:59:52,scattered clouds
469,Tenenkou,14.4572,-4.9169,80.22,67,34,15.55,ML,2021-07-23 01:59:52,scattered clouds
470,Tommot,58.9564,126.2925,75.18,67,97,9.42,RU,2021-07-23 01:59:53,light rain
471,Verkhoyansk,67.5447,133.385,71.91,40,47,1.41,RU,2021-07-23 01:59:53,scattered clouds
472,Zhigansk,66.7697,123.3711,68.31,62,100,4.27,RU,2021-07-23 01:59:53,overcast clouds
473,Naze,28.3667,129.4833,77.92,90,100,26.4,JP,2021-07-23 01:59:54,moderate rain
474,Asau,46.4333,26.4,59.76,91,14,4.41,RO,2021-07-23 01:59:54,few clouds
475,Caxito,-8.5785,13.6643,71.01,81,100,0.2,AO,2021-07-23 01:59:55,overcast clouds
476,Weiser,44.251,-116.9693,95.31,15,0,8.19,US,2021-07-23 01:59:55,clear sky
477,Meulaboh,4.1363,96.1285,80.94,76,47,2.06,ID,2021-07-23 01:59:56,scattered clouds
478,Portland,45.5234,-122.6762,81.55,41,1,4.0,US,2021-07-23 01:55:43,clear sky
479,Genhe,50.7833,121.5167,79.47,60,97,10.96,CN,2021-07-23 01:59:57,overcast clouds
480,Icod De Los Vinos,28.3724,-16.7119,72.95,45,0,10.89,ES,2021-07-23 01:59:57,clear sky
481,Pochutla,15.7432,-96.4661,77.88,85,80,3.31,MX,2021-07-23 01:59:57,broken clouds
482,Buraydah,26.326,43.975,91.85,19,12,5.28,SA,2021-07-23 01:59:58,few clouds
483,Pipraich,26.8264,83.53,86.05,77,33,9.06,IN,2021-07-23 01:59:58,scattered clouds
484,Rustenburg,-25.6676,27.2421,32.0,51,0,6.38,ZA,2021-07-23 01:59:59,clear sky
485,Huarmey,-10.0681,-78.1522,65.14,82,15,8.37,PE,2021-07-23 01:59:59,few clouds
486,Okato,-39.2,173.8833,54.43,82,40,7.27,NZ,2021-07-23 02:00:00,scattered clouds
487,Puerto Narino,-3.7703,-70.3831,76.64,71,99,0.96,CO,2021-07-23 02:00:01,overcast clouds
488,Makakilo City,21.3469,-158.0858,80.69,66,100,20.67,US,2021-07-23 02:00:01,overcast clouds
489,Gilbues,-9.8317,-45.3439,69.13,52,0,4.38,BR,2021-07-23 02:00:02,clear sky
490,Monywa,22.1167,95.1333,79.3,83,100,13.51,MM,2021-07-23 02:00:03,overcast clouds
491,San Rafael,-34.6177,-68.3301,56.39,27,100,2.86,AR,2021-07-23 02:00:04,overcast clouds
492,Sur,22.5667,59.5289,91.27,56,0,8.37,OM,2021-07-23 02:00:04,clear sky
493,Colares,38.7992,-9.4469,67.33,77,62,1.99,PT,2021-07-23 02:00:05,broken clouds
494,Owando,-0.4819,15.8999,77.4,65,99,4.7,CG,2021-07-23 02:00:05,light rain
495,Narrabri,-30.3167,149.7833,54.52,66,75,27.63,AU,2021-07-23 02:00:06,light rain
496,Nong Chik,6.8436,101.178,83.55,76,60,7.61,TH,2021-07-23 02:00:07,broken clouds
497,Dzaoudzi,-12.7887,45.2699,76.89,73,0,16.11,YT,2021-07-23 02:00:08,clear sky
498,Tateyama,34.9833,139.8667,91.15,71,17,6.67,JP,2021-07-23 02:00:09,few clouds
499,Huilong,31.8111,121.655,84.97,74,0,18.9,CN,2021-07-23 02:00:10,clear sky
500,Port Lincoln,-34.7333,135.8667,56.41,65,78,11.79,AU,2021-07-23 02:00:10,broken clouds
501,Ucluelet,48.9329,-125.5528,74.05,73,100,1.99,CA,2021-07-23 01:56:11,overcast clouds
502,Santa Isabel Do Rio Negro,-0.4139,-65.0192,72.95,97,80,0.47,BR,2021-07-23 02:00:11,broken clouds
503,Watsa,3.0372,29.5355,63.37,98,83,2.13,CD,2021-07-23 02:00:12,light rain
504,Vallenar,-28.5708,-70.7581,56.62,61,36,0.56,CL,2021-07-23 02:00:12,scattered clouds
505,Dawei,14.0833,98.2,77.36,94,100,7.56,MM,2021-07-23 02:00:13,moderate rain
506,Japura,-0.3167,102.35,84.76,66,87,3.29,ID,2021-07-23 02:00:14,overcast clouds
507,Sioux Lookout,50.1001,-91.917,73.22,65,84,7.4,CA,2021-07-23 02:00:14,broken clouds
508,Morondava,-20.2833,44.2833,68.13,80,23,9.01,MG,2021-07-23 02:00:15,few clouds
509,Beira,-19.8436,34.8389,71.82,81,34,12.71,MZ,2021-07-23 02:00:15,light rain
510,Oranjemund,-28.55,16.4333,53.67,40,1,8.81,NA,2021-07-23 02:00:16,clear sky
511,Marsa Matruh,31.3525,27.2453,78.55,78,0,12.39,EG,2021-07-23 02:00:17,clear sky
512,Marzuq,14.4,46.4667,74.89,64,85,6.6,YE,2021-07-23 02:00:17,overcast clouds
513,Pacific Grove,36.6177,-121.9166,79.14,86,67,5.99,US,2021-07-23 02:00:18,broken clouds
514,Busca,44.5181,7.4743,69.58,88,75,5.75,IT,2021-07-23 02:00:18,broken clouds
515,Slave Lake,55.2834,-114.769,61.5,48,57,13.42,CA,2021-07-23 02:00:11,broken clouds
516,Salina,38.8403,-97.6114,84.85,51,0,20.2,US,2021-07-23 01:58:59,clear sky
517,Elat,29.5581,34.9482,81.79,55,0,4.81,IL,2021-07-23 02:00:19,clear sky
518,Pringsewu,-5.3582,104.9744,80.42,84,91,2.66,ID,2021-07-23 02:00:20,overcast clouds
519,Celestun,20.8667,-90.4,82.9,74,0,16.11,MX,2021-07-23 02:00:21,clear sky
520,Sawakin,19.1059,37.3321,90.0,55,100,16.15,SD,2021-07-23 02:00:21,overcast clouds
521,Tazmalt,36.3868,4.3989,82.83,28,0,2.89,DZ,2021-07-23 02:00:22,clear sky
522,Biscarrosse,44.3945,-1.1672,73.69,94,90,4.61,FR,2021-07-23 02:00:23,overcast clouds
523,Rapid City,44.0805,-103.231,77.32,77,75,8.01,US,2021-07-23 01:58:46,broken clouds
524,Bocas Del Toro,9.3333,-82.25,83.07,87,100,7.65,PA,2021-07-23 02:00:23,overcast clouds
525,Koslan,63.4564,48.8989,51.55,83,100,3.47,RU,2021-07-23 02:00:24,overcast clouds
526,Achit,56.7985,57.8994,55.72,94,100,11.18,RU,2021-07-23 02:00:25,overcast clouds
527,Komsomolskiy,40.4272,71.7189,79.52,34,0,4.61,UZ,2021-07-23 02:00:25,clear sky
528,Vryburg,-26.9566,24.7284,25.84,56,0,7.81,ZA,2021-07-23 02:00:26,clear sky
529,Heihe,50.2441,127.4902,82.98,62,98,13.85,CN,2021-07-23 02:00:26,moderate rain
530,Kasamwa,-2.85,32.4333,62.47,56,6,3.96,TZ,2021-07-23 02:00:27,clear sky
531,Sola,-13.8833,167.55,80.76,79,32,16.35,VU,2021-07-23 02:00:27,scattered clouds
532,Mingguang,32.7802,117.9638,84.42,74,100,12.41,CN,2021-07-23 02:00:28,overcast clouds
533,Nuuk,64.1835,-51.7216,40.87,100,100,8.01,GL,2021-07-23 02:00:14,light rain
534,Gimli,50.6336,-96.9907,82.44,68,1,7.25,CA,2021-07-23 02:00:29,clear sky
535,Sarangani,5.4033,125.4636,84.76,74,12,16.6,PH,2021-07-23 02:00:29,few clouds
536,Koungou,-12.7336,45.2042,76.71,73,0,16.11,YT,2021-07-23 02:00:30,clear sky
537,Sherbakul,54.6316,72.3963,69.48,51,0,9.17,RU,2021-07-23 02:00:31,clear sky
538,Coihaique,-45.5752,-72.0662,35.35,98,59,5.12,CL,2021-07-23 02:00:31,light rain
539,Neiafu,-18.65,-173.9833,78.51,77,10,13.18,TO,2021-07-23 02:00:32,clear sky
540,Northam,51.0333,-4.2167,69.1,80,100,8.05,GB,2021-07-23 02:00:33,overcast clouds
541,Nakasongola,1.3089,32.4564,68.86,59,85,1.25,UG,2021-07-23 02:00:33,overcast clouds
542,Santa Rosa,14.3122,121.1114,82.11,86,100,13.98,PH,2021-07-23 01:57:37,moderate rain
543,Jibuti,11.5,42.5,84.65,53,88,6.73,DJ,2021-07-23 02:00:34,overcast clouds
544,Mega,4.05,38.3,54.37,87,10,12.66,ET,2021-07-23 02:00:35,clear sky
545,Bonavista,48.6499,-53.1147,52.12,94,96,9.6,CA,2021-07-23 02:00:35,overcast clouds
546,Aripuana,-9.1667,-60.6333,73.74,47,0,2.3,BR,2021-07-23 02:00:36,clear sky
547,Port Hardy,50.6996,-127.4199,60.84,71,100,4.81,CA,2021-07-23 02:00:11,overcast clouds
548,Alice Springs,-23.7,133.8833,60.35,41,6,12.66,AU,2021-07-23 02:00:37,clear sky
549,Sistranda,63.7256,8.834,53.91,86,100,13.67,NO,2021-07-23 02:00:37,overcast clouds
550,Orange Cove,36.6244,-119.3137,102.61,20,1,9.22,US,2021-07-23 02:00:38,clear sky
551,Whyalla,-33.0333,137.5833,55.29,94,90,12.66,AU,2021-07-23 02:00:38,overcast clouds
552,Sabha,27.0377,14.4283,79.92,40,0,15.82,LY,2021-07-23 02:00:39,clear sky
553,Bela,25.9333,81.9833,88.57,69,47,8.16,IN,2021-07-23 02:00:39,scattered clouds
554,Kodinsk,58.6881,99.1844,69.08,62,15,4.85,RU,2021-07-23 02:00:40,few clouds
555,Dumka,24.2667,87.25,83.26,80,23,15.05,IN,2021-07-23 02:00:40,few clouds
556,Kuusamo,65.9667,29.1833,46.44,76,20,8.05,FI,2021-07-23 02:00:41,few clouds
557,Sisimiut,66.9395,-53.6735,42.62,94,100,2.44,GL,2021-07-23 02:00:42,light rain
558,Manzhouli,49.6,117.4333,73.36,71,91,10.54,CN,2021-07-23 02:00:42,overcast clouds
559,Murray Bridge,-35.1167,139.2667,55.13,73,46,4.18,AU,2021-07-23 02:00:43,scattered clouds
560,Perevolotskiy,51.8763,54.1938,62.74,88,100,8.19,RU,2021-07-23 02:00:43,moderate rain
561,Tigil,57.8,158.6667,68.25,65,93,9.15,RU,2021-07-23 02:00:44,overcast clouds
562,Waddan,29.1614,16.139,74.41,63,0,4.16,LY,2021-07-23 02:00:44,clear sky
563,Darlowo,54.421,16.4107,59.95,80,0,6.85,PL,2021-07-23 02:00:45,clear sky
564,Robertsport,6.7533,-11.3686,76.15,88,100,13.2,LR,2021-07-23 02:00:45,moderate rain
565,Ust-Omchug,61.15,149.6333,52.86,94,100,1.7,RU,2021-07-23 02:00:46,light rain
566,Mayo,38.8876,-76.5119,74.12,78,4,4.16,US,2021-07-23 02:00:47,clear sky
567,Tromso,69.6496,18.957,45.25,87,75,11.5,NO,2021-07-23 02:00:15,broken clouds
568,Ramnagar,29.4,79.1167,79.52,74,99,3.67,IN,2021-07-23 02:00:48,overcast clouds
569,Pandan,14.0453,124.1694,85.69,72,100,19.06,PH,2021-07-23 02:00:48,moderate rain
570,Esperance,-33.8667,121.9,56.75,60,91,25.84,AU,2021-07-23 02:00:48,overcast clouds
571,Victoria Point,-27.5833,153.3,68.34,70,81,1.01,AU,2021-07-23 02:00:49,broken clouds
572,Birjand,32.8663,59.2211,75.27,22,83,6.85,IR,2021-07-23 02:00:49,broken clouds
573,Gander,48.9682,-54.5906,48.33,100,90,8.99,CA,2021-07-23 02:00:50,light intensity drizzle
574,Poopo,-18.3667,-66.9667,43.75,39,4,6.11,BO,2021-07-23 02:00:50,clear sky
575,Codrington,-38.2667,141.9667,46.22,86,100,11.05,AU,2021-07-23 02:00:51,overcast clouds
576,Jiangyou,31.7667,104.7167,83.21,74,72,1.07,CN,2021-07-23 02:00:51,broken clouds
577,Clermont,49.5,2.4167,66.15,83,11,7.81,FR,2021-07-23 02:00:52,few clouds
578,Vysotsk,60.6288,28.5705,57.85,76,99,10.25,RU,2021-07-23 02:00:52,overcast clouds
579,Dickinson,29.4608,-95.0513,87.19,80,54,6.96,US,2021-07-23 02:00:53,broken clouds
580,Tual,-5.6667,132.75,76.06,92,100,11.36,ID,2021-07-23 02:00:53,overcast clouds
581,Baykit,61.67,96.37,72.82,49,50,2.68,RU,2021-07-23 02:00:54,scattered clouds
582,Jimma,7.6667,36.8333,55.63,97,52,1.77,ET,2021-07-23 02:00:54,broken clouds
583,Khandagayty,50.7333,92.05,76.55,38,100,4.5,RU,2021-07-23 02:00:55,overcast clouds
584,Tighina,46.8306,29.4711,59.77,75,1,6.33,MD,2021-07-23 02:00:55,clear sky
585,Gboko,7.3179,8.9951,70.25,92,100,6.96,NG,2021-07-23 02:00:56,overcast clouds
586,Beloha,-25.1667,45.05,64.42,85,7,4.52,MG,2021-07-23 02:00:56,clear sky
587,Ossora,59.2353,163.0719,62.2,70,89,7.29,RU,2021-07-23 02:00:57,overcast clouds
588,Monster,52.0258,4.175,61.95,88,2,1.01,NL,2021-07-23 02:00:57,clear sky
589,Evanston,42.0411,-87.6901,79.97,77,86,4.0,US,2021-07-23 01:56:32,overcast clouds
590,Mwene-Ditu,-7.0,23.45,64.94,39,2,4.65,CD,2021-07-23 02:00:58,clear sky
591,Beitbridge,-22.2167,30.0,50.67,47,0,15.57,ZW,2021-07-23 02:00:59,clear sky
592,Moju,-1.8839,-48.7689,75.22,85,72,2.98,BR,2021-07-23 02:00:59,broken clouds
593,Loandjili,-4.7561,11.8578,69.76,85,9,2.3,CG,2021-07-23 02:01:00,clear sky
594,Suntar,62.1444,117.6319,72.43,63,100,6.04,RU,2021-07-23 02:01:01,overcast clouds
595,Kerrville,30.0474,-99.1403,75.54,84,1,1.99,US,2021-07-23 02:01:01,clear sky
596,Berlevag,70.8578,29.0864,43.39,80,99,25.12,NO,2021-07-23 02:01:01,overcast clouds
597,Ust-Kuyga,70.0167,135.6,64.94,49,9,8.68,RU,2021-07-23 02:01:02,clear sky
598,Fort Dodge,42.4975,-94.168,77.43,69,1,6.91,US,2021-07-23 02:01:02,clear sky
599,Porto Seguro,-16.4497,-39.0647,72.12,68,20,3.44,BR,2021-07-23 01:59:44,few clouds
600,Ornes,66.8689,13.7078,48.31,90,100,6.73,NO,2021-07-23 02:01:03,overcast clouds
601,Bocanda,7.0626,-4.4995,70.29,99,69,4.85,CI,2021-07-23 02:01:04,broken clouds
602,Boyolangu,-8.1181,111.8935,81.07,72,42,6.67,ID,2021-07-23 02:01:04,scattered clouds
603,La Rioja,42.25,-2.5,65.05,26,59,5.41,ES,2021-07-23 02:01:05,broken clouds
604,Conceicao Do Araguaia,-8.2578,-49.2647,74.12,45,0,3.02,BR,2021-07-23 02:01:06,clear sky
605,Necochea,-38.5473,-58.7368,51.04,72,100,9.84,AR,2021-07-23 02:01:06,overcast clouds
606,Avera,33.194,-82.5271,81.72,76,54,3.65,US,2021-07-23 02:01:07,broken clouds
607,Waitati,-45.75,170.5667,54.81,53,7,4.34,NZ,2021-07-23 02:01:07,clear sky
608,Natal,-5.795,-35.2094,73.22,86,27,10.47,BR,2021-07-23 02:01:08,scattered clouds
609,San Cristobal,7.7669,-72.225,64.89,98,100,3.53,VE,2021-07-23 02:01:08,overcast clouds
610,Tuatapere,-46.1333,167.6833,51.82,65,15,5.46,NZ,2021-07-23 02:01:09,few clouds
611,Sokoto,13.0609,5.239,80.87,66,16,13.04,NG,2021-07-23 02:01:09,few clouds
612,Andenes,69.3143,16.1194,46.38,87,90,16.11,NO,2021-07-23 02:01:10,overcast clouds
613,Nanfeng,23.7434,111.7959,90.68,63,1,2.1,CN,2021-07-23 02:01:10,clear sky
614,Kyabe,9.4515,18.9449,67.95,96,98,1.39,TD,2021-07-23 02:01:11,overcast clouds
615,Pangody,65.85,74.4859,58.39,58,100,9.86,RU,2021-07-23 02:01:11,overcast clouds
616,Bondo,3.8146,23.6866,68.22,98,87,2.89,CD,2021-07-23 02:01:11,overcast clouds
617,Puruliya,23.3333,86.3667,82.36,79,78,14.29,IN,2021-07-23 02:01:12,broken clouds
618,Benguela,-12.5763,13.4055,68.02,88,59,0.74,AO,2021-07-23 02:01:12,broken clouds
619,Buin,-33.7333,-70.75,63.73,53,100,2.46,CL,2021-07-23 02:01:13,overcast clouds
620,Smolenka,52.1352,113.4974,73.47,60,3,2.24,RU,2021-07-23 02:01:13,clear sky
621,Tarko-Sale,64.9225,77.785,66.33,63,100,8.37,RU,2021-07-23 02:01:14,overcast clouds
622,Kingman,35.1894,-114.053,98.29,31,88,12.75,US,2021-07-23 01:57:23,overcast clouds
623,Pozo Colorado,-23.4923,-58.7972,66.87,35,0,6.46,PY,2021-07-23 02:01:15,clear sky
624,Itoman,26.1247,127.6694,80.98,92,75,26.46,JP,2021-07-23 02:01:15,heavy intensity shower rain
625,Villa Corzo,16.1667,-93.25,70.11,92,100,2.59,MX,2021-07-23 02:01:17,overcast clouds
626,Tura,25.5198,90.2201,80.42,87,41,5.03,IN,2021-07-23 02:01:17,scattered clouds
627,Bubaque,11.2833,-15.8333,80.29,86,100,15.84,GW,2021-07-23 02:01:17,light rain
628,Bahia Honda,22.9036,-83.1592,80.6,85,12,7.81,CU,2021-07-23 02:01:18,few clouds
629,Galway,53.2719,-9.0489,67.95,88,97,4.5,IE,2021-07-23 02:01:18,overcast clouds
630,Verkhnyaya Inta,65.9811,60.3094,54.32,57,6,7.23,RU,2021-07-23 02:01:19,clear sky
631,Tsiroanomandidy,-18.7667,46.0333,54.91,72,3,2.15,MG,2021-07-23 02:01:19,clear sky
632,Klamath Falls,42.2249,-121.7817,87.87,25,0,5.99,US,2021-07-23 01:57:31,clear sky
633,Tutoia,-2.7619,-42.2744,77.77,89,22,12.55,BR,2021-07-23 02:01:20,few clouds
634,Namatanai,-3.6667,152.4333,83.66,71,16,6.69,PG,2021-07-23 02:01:20,light rain
635,Iracoubo,5.4802,-53.2011,78.13,88,43,9.08,GF,2021-07-23 02:01:21,scattered clouds
636,Homer,59.6425,-151.5483,68.07,87,100,3.0,US,2021-07-23 02:01:21,light rain
637,Acajutla,13.5928,-89.8275,83.93,73,100,5.7,SV,2021-07-23 02:01:22,overcast clouds
638,Gold Coast,-28.0,153.4333,67.28,68,90,4.0,AU,2021-07-23 02:01:22,overcast clouds
639,Taoudenni,22.6783,-3.9836,97.57,20,0,6.44,ML,2021-07-23 02:01:23,clear sky
640,Aguadilla,18.4275,-67.1541,81.59,91,1,1.99,PR,2021-07-23 02:01:23,clear sky
641,Mancio Lima,-7.6142,-72.8958,70.39,67,6,1.41,BR,2021-07-23 02:01:24,clear sky
642,Ahwa,20.75,73.6833,74.32,94,100,6.04,IN,2021-07-23 02:01:24,light rain
643,Nortelandia,-14.4547,-56.8028,71.83,39,0,3.2,BR,2021-07-23 02:01:25,clear sky
644,Fukue,32.6881,128.8419,80.33,76,100,10.13,JP,2021-07-23 02:01:25,moderate rain
645,Bungu,-7.6337,39.0582,66.6,95,15,2.73,TZ,2021-07-23 02:01:26,few clouds
646,Srivardhan,18.0333,73.0167,81.05,87,100,17.0,IN,2021-07-23 02:01:26,light rain
647,Biak,-0.9131,122.8766,78.6,79,83,6.76,ID,2021-07-23 02:01:27,broken clouds
648,Kondinskoye,59.6481,67.41,70.34,83,50,13.56,RU,2021-07-23 02:01:27,light rain
649,Sobolevo,54.4299,31.8996,52.29,80,3,7.05,RU,2021-07-23 02:01:27,clear sky
650,Maniitsoq,65.4167,-52.9,40.42,97,100,15.84,GL,2021-07-23 02:01:28,moderate rain
651,Tazovskiy,67.4667,78.7,48.36,69,95,2.15,RU,2021-07-23 02:01:28,overcast clouds
652,Maun,-19.9833,23.4167,39.56,17,0,7.36,BW,2021-07-23 02:01:29,clear sky
653,Marinilla,6.1736,-75.3362,60.49,92,100,1.3,CO,2021-07-23 02:01:29,overcast clouds
654,Carutapera,-1.195,-46.02,74.68,93,13,5.12,BR,2021-07-23 02:01:30,few clouds
655,Nautla,20.2167,-96.7833,81.48,81,5,14.43,MX,2021-07-23 02:01:30,clear sky
656,Gao,16.6362,1.637,89.37,42,56,4.92,ML,2021-07-23 02:01:31,broken clouds
657,Akyab,20.15,92.9,82.26,85,97,22.55,MM,2021-07-23 02:01:31,heavy intensity rain
658,Mackay,-21.15,149.2,78.67,67,9,12.62,AU,2021-07-23 02:01:32,clear sky
659,Isakly,54.1333,51.5333,58.5,88,100,3.89,RU,2021-07-23 02:01:32,overcast clouds
660,Valsamata,38.1667,20.6,70.12,80,0,1.34,GR,2021-07-23 02:01:33,clear sky
661,Taksimo,56.3444,114.8794,68.0,76,100,2.73,RU,2021-07-23 02:01:33,light rain
662,Ust-Tsilma,65.441,52.1498,49.71,97,100,3.89,RU,2021-07-23 02:01:33,overcast clouds
663,Tupiza,-21.45,-65.7167,51.87,19,0,5.06,BO,2021-07-23 02:01:34,clear sky
664,Helmsdale,58.1168,-3.6517,57.07,94,50,1.45,GB,2021-07-23 02:01:34,scattered clouds
665,Dunda,-8.1167,34.25,57.88,88,1,3.36,TZ,2021-07-23 02:01:35,clear sky
666,Progreso,21.2833,-89.6667,81.18,84,0,15.99,MX,2021-07-23 02:01:35,clear sky
667,Ferkessedougou,9.6,-5.2,71.87,94,97,4.27,CI,2021-07-23 02:01:36,light rain
668,Panaba,21.2833,-88.2667,79.72,84,0,11.79,MX,2021-07-23 02:01:36,clear sky
669,Darnah,32.767,22.6367,77.95,81,0,18.57,LY,2021-07-23 02:01:37,clear sky
670,Kilakarai,9.2333,78.7833,84.42,62,100,21.54,IN,2021-07-23 02:01:37,overcast clouds
671,Igunga,-4.2833,33.8833,64.02,62,1,5.35,TZ,2021-07-23 02:01:38,clear sky
672,Vysokogornyy,50.1167,139.15,81.72,68,51,3.33,RU,2021-07-23 02:01:38,broken clouds
673,Grants Pass,42.439,-123.3284,87.48,17,1,8.99,US,2021-07-23 02:01:39,clear sky
674,Mosquera,4.7059,-74.2302,52.97,87,100,5.93,CO,2021-07-23 02:01:39,overcast clouds
675,Kawalu,-7.3817,108.2082,79.54,74,62,3.02,ID,2021-07-23 02:01:40,broken clouds
676,Gizo,-8.103,156.8419,83.62,73,15,5.3,SB,2021-07-23 02:01:40,few clouds
677,Umea,63.8284,20.2597,50.92,76,71,9.22,SE,2021-07-23 02:01:41,broken clouds
678,Tabou,4.423,-7.3528,75.4,85,100,11.41,CI,2021-07-23 02:01:41,light rain
679,West Bay,19.3667,-81.4167,84.27,79,20,3.0,KY,2021-07-23 02:01:42,few clouds
680,Betul,21.9153,77.8961,72.66,89,100,8.41,IN,2021-07-23 02:01:42,overcast clouds
681,Takahagi,36.7167,140.7167,84.85,67,28,8.5,JP,2021-07-23 02:01:43,scattered clouds
682,Sale,34.0389,-6.8166,70.75,100,40,0.0,MA,2021-07-23 02:01:43,scattered clouds
683,Anderson,34.5334,-82.6499,81.09,86,9,5.01,US,2021-07-23 02:01:43,clear sky
684,Henties Bay,-22.116,14.2845,55.78,73,0,3.65,NA,2021-07-23 02:01:44,clear sky
685,Yenagoa,4.9247,6.2642,74.16,91,100,4.18,NG,2021-07-23 02:01:44,light rain
686,Lusambo,-4.9667,23.45,66.81,40,23,2.42,CD,2021-07-23 01:59:11,few clouds
687,Obihiro,42.9172,143.2044,80.64,70,91,5.57,JP,2021-07-23 02:01:45,overcast clouds
688,Pedernales,18.0384,-71.744,80.35,64,19,7.36,DO,2021-07-23 02:01:46,few clouds
689,Iquique,-20.2208,-70.1431,59.04,76,65,1.3,CL,2021-07-23 01:57:27,broken clouds
